model,function,screen_mode,dimension,samples,noise,variable_method,interaction_method,hidden,depth,activation,train_mse_mean,train_mse_std,test_mse_mean,test_mse_std,effective_dim_mean,screen_contains_all_true_vars_mean,screen_true_var_recall_mean,screen_contains_all_interaction_endpoints_mean,screen_interaction_endpoint_recall_mean,screen_contains_true_interactions_mean,variable_f1_mean,variable_f1_std,variable_auroc_mean,variable_auroc_std,variable_auprc_mean,variable_auprc_std,interaction_f1_mean,interaction_f1_std,true_interaction_score_mean_mean,true_interaction_score_mean_std,max_nontrue_interaction_score_mean,max_nontrue_interaction_score_std
MLP,core_interaction,raw,100,1024,0.0,grad,fd,64,3,silu,0.810478130976359,0.1859557704019131,1.0445820490519206,0.11495516482634224,100.0,1.0,1.0,1.0,1.0,1.0,0.25,0.0,0.5746527777777778,0.019195611447479173,0.30071168023688793,0.013558323700973807,0.3333333333333333,0.5773502691896258,0.023684988263994455,0.03536755304326423,0.023889491334557533,0.023549457040139853
MLP,core_interaction_c5,raw,100,1024,0.0,grad,fd,64,3,silu,0.9426524043083191,0.05527407479140006,1.035710632801056,0.08656976563910654,100.0,1.0,1.0,1.0,1.0,1.0,0.08333333333333333,0.14433756729740646,0.5477430555555555,0.14125853946245095,0.13748834671668322,0.1480099979236009,0.3333333333333333,0.5773502691896258,0.005641874546806018,0.00625108535131412,0.009355135262012482,0.002984954232386558
MLP,correlated_proxy,raw,100,1024,0.0,grad,fd,256,2,silu,0.8313800493876139,0.016155622414606427,0.9830182194709778,0.06483051906733646,100.0,1.0,1.0,1.0,1.0,1.0,0.25,0.0,0.6753472222222223,0.09376205555203332,0.25649320794444636,0.06670879520119864,0.0,0.0,0.004181056283414364,0.00268288808146813,0.0096089206635952,0.0008670190825603639
MLP,pairwise_interaction,raw,100,1024,0.0,grad,fd,128,4,silu,0.86583145459493,0.03902687376618181,0.9880728522936503,0.03728176372022566,100.0,1.0,1.0,1.0,1.0,1.0,0.3333333333333333,0.0,0.7296678121420389,0.2057364333158918,0.4247404816798701,0.10180333756347229,0.0,0.0,0.007641598892708619,0.0050235759058647675,0.010270972270518541,0.0036700027810260376
