screen_mode,finite_difference,hessian,pair_permutation_joint,pair_permutation_synergy
oracle_support,1.0,1.0,0.15,0.9833333333333333
raw,0.008333333333333333,0.008333333333333333,0.0,0.0
rf,0.925,0.9083333333333333,0.125,0.9333333333333333
